{"accuracy": [0.6164172887802124, 0.8630895614624023, 0.916418731212616, 0.9430263638496399, 0.9566789865493774, 0.9675554633140564, 0.9727232456207275, 0.9770084023475647, 0.9802542328834534, 0.9833292961120605], "loss": [1.2931239604949951, 0.4292578399181366, 0.25942832231521606, 0.17735306918621063, 0.13126134872436523, 0.10034669190645218, 0.08317249268293381, 0.0719999447464943, 0.0601864717900753, 0.05246010795235634], "val_accuracy": [0.8480947613716125, 0.9226519465446472, 0.9310815930366516, 0.9428718090057373, 0.942643940448761, 0.9641168713569641, 0.9638890624046326, 0.9657116532325745, 0.9630916714668274, 0.9710657000541687], "val_loss": [0.4790459871292114, 0.2344154715538025, 0.21570761501789093, 0.17105115950107574, 0.18267659842967987, 0.11201737821102142, 0.12128490954637527, 0.12000499665737152, 0.12691965699195862, 0.10435102134943008]}