{"accuracy": [0.6079182028770447], "loss": [1.3242334127426147], "val_accuracy": [0.8249131441116333], "val_loss": [0.5525475740432739]}